{"receptor_type": 3, "basis_weights": [-0.2069249028850972, 1.3386563465867911, 0.48427137619409, -0.0602905087084295]}