{"receptor_type": 9, "basis_weights": [-0.1921251712225244, 0.7207730373507737, 1.1870563180639484, -0.0824377024437694]}