{"receptor_type": 5, "basis_weights": [-0.0714561086237225, 1.1105029762603724, 0.2299873505700618, -0.0223123177426622]}