{"receptor_type": 6, "basis_weights": [0.1295784246637797, 0.8528910130308371, 0.1731312034202006, 0.2401490277083172]}