{"receptor_type": 6, "basis_weights": [-0.071456108621082, 1.1105029762563372, 0.2299873505729549, -0.0223123177435785]}