{"receptor_type": 8, "basis_weights": [-0.2055256657432642, 1.30301737700264, 0.4624033442153913, -0.0587895821774647]}